entity,category,segment,positioning,key_facts,sid,url,published
WordPress (self-hosted),CMS/Blogging Platform,"Professional bloggers, online businesses, serious content creators","Industry-leading flexibility, unmatched customization, enterprise-scale","Powers 43% of websites; 810 million websites; 4.4/5 G2 rating from 9000 users; 60000+ plugins; 11000+ themes; trusted by TechCrunch, The New Yorker, Sony Music",r1q01-03,https://leadadvisors.com/blog/best-blogging-platform/,2026-01-09
Ghost,Modern Publishing Platform,"Professional writers, newsletter entrepreneurs, paid communities","Modern alternative to WordPress, 19x faster, newsletter-native, distraction-free writing","Powers 10 million posts; 4.6/5 Capterra from 100+ reviews; 0.8s load times vs 2.6s WordPress; trusted by Mozilla, Cloudflare, DuckDuckGo",r1q01-03,https://leadadvisors.com/blog/best-blogging-platform/,2026-01-09
Wix,Drag-and-drop Website Builder,"Beginners, small businesses, non-technical users","Easiest setup, visual editing, AI-powered design assistance",250 million users; 9 million live sites; 4.2/5 G2 from 1600 users; 4.2/5 Trustpilot from 37000 reviews; 30-60 min setup; 800+ templates; starts $17/month,r1q01-03,https://leadadvisors.com/blog/best-blogging-platform/,2026-01-09
Squarespace,Design-Focused Website Builder,"Creatives, photographers, designers, visual brands","Award-winning templates, beautiful responsive design, integrated features",4.2 million websites; 50 million monthly visits; 4.4/5 G2 from 5800 reviews; 4.0/5 Trustpilot from 8000 reviews; all templates 90+ PageSpeed; $16-$49/month,r1q01-03,https://leadadvisors.com/blog/best-blogging-platform/,2026-01-09
Hostinger Website Builder,AI-Powered Website Builder,"Budget-conscious beginners, AI assistance seekers","Affordable, AI-generated content, fastest setup, budget-first",2 million customers; 4.6/5 Trustpilot from 14000 reviews; 500000 sites created since 2022; 3-5 min build time; starts $2.99/month,r1q01-03,https://leadadvisors.com/blog/best-blogging-platform/,2026-01-09
Blogger,Free Blogging Platform,"Beginners, hobby writers, personal diaries","Completely free, Google-backed, no-frills, reliable",Since 1999; 99.9% uptime; 3.8/5 G2 rating; millions of active blogs; free subdomain or custom domain,r1q01-03,https://leadadvisors.com/blog/best-blogging-platform/,2026-01-09
Medium,Audience-First Publishing Platform,"Writers, thought leaders, authority builders","Built-in audience reach, algorithm-driven discovery, partner monetization",100 million monthly readers; 170000+ writers; 4.0/5 Trustpilot from 2000+ reviews; top writers earn $5000-$25000+ monthly; Partner Program earnings inconsistent,r1q01-03,https://leadadvisors.com/blog/best-blogging-platform/,2026-01-09
LinkedIn Articles,Professional Publishing Platform,"B2B professionals, thought leaders, executives","Professional network integration, B2B reach, credibility boost",1 billion members; 9 billion content impressions weekly; articles get 9x more impressions than external links; 30-50% engagement for influencers; free,r1q01-03,https://leadadvisors.com/blog/best-blogging-platform/,2026-01-09
Substack,Newsletter Publishing Platform,"Newsletter entrepreneurs, journalists, direct-to-reader creators","Simplicity-first newsletter platform, payment processing, writer-friendly",2 million paid subscriptions; $300 million earned by writers; 35000 paid publications; top 10 earn $25 million annually; 40-50% open rates; takes 10% of revenue,r1q01-03,https://leadadvisors.com/blog/best-blogging-platform/,2026-01-09
Beehiiv,Advanced Newsletter Platform,"Newsletter businesses, media creators, advanced marketers","Substack alternative, advanced features, monetization network",35000 newsletters; 2 billion emails annually; 4.8/5 G2 from 200 reviews; ad network paid $5 million; free plan up to 2500 subscribers; $0-$99/month,r1q01-03,https://leadadvisors.com/blog/best-blogging-platform/,2026-01-09
Micro.blog,IndieWeb Blogging Platform,"IndieWeb enthusiasts, privacy-focused writers, indie communities","Content ownership, IndieWeb principles, social discovery without toxicity",100000 blogs; 4.7/5 AlternativeTo; 98% satisfaction with content ownership; $5/month hosted or own domain; no algorithms or ads,r1q01-03,https://leadadvisors.com/blog/best-blogging-platform/,2026-01-09
Scribbles,Minimalist Blogging Platform,"Minimalist writers, simplicity seekers","Minimal design, distraction-free, clean interface",$6/month; custom domain support; Markdown writing; no ads or tracking; minimal feature set,r1q01-03,https://leadadvisors.com/blog/best-blogging-platform/,2026-01-09
Bear,Privacy-First Blogging Platform,"Privacy-conscious writers, minimalists, text-focused content","Lightning-fast, no JavaScript, privacy-focused, minimal",20000+ blogs; perfect 100 PageSpeed scores; <1 second load; 90% less bandwidth than WordPress; free or $5/month; no tracking,r1q01-03,https://leadadvisors.com/blog/best-blogging-platform/,2026-01-09
Pika,Minimal Blogging Platform,"Beginners, personal bloggers, simplicity-seekers","Minimal with personality, approachable, easy setup",Free or $5/month; minutes to setup; simple design; custom domain support; growing community,r1q01-03,https://leadadvisors.com/blog/best-blogging-platform/,2026-01-09
Mataroa,Distraction-Free Writing Platform,"Journalers, documentation writers, simplicity-obsessed","No analytics, no distractions, pure writing focus",$9/year; no analytics; custom domain; newsletter functionality; no SEO tools; minimal community,r1q01-03,https://leadadvisors.com/blog/best-blogging-platform/,2026-01-09
Webflow,Web Design Tool with CMS,"Designers, developers, agencies, custom-design focused","Designer-level control, visual interface with code output, production-ready",3.5 million websites; 300000 active designers; 4.5/5 G2 from 500 reviews; 4.6/5 Capterra; 85+ PageSpeed; $14-$39+/month,r1q01-03,https://leadadvisors.com/blog/best-blogging-platform/,2026-01-09
Hashnode,Developer Blogging Platform,"Technical writers, developers, DevOps engineers","Developer-focused, code syntax highlighting, technical community",40000 developer blogs; 1 million monthly active readers; 4.5+/5 Product Hunt; free with custom domain support; 10-15x engagement vs standalone,r1q01-03,https://leadadvisors.com/blog/best-blogging-platform/,2026-01-09
Dev.to,Developer Community Platform,"Software developers, technical writers, programming educators","Developer community, code formatting, discovery algorithm",1.3 million registered developers; 20 million unique visitors monthly; 4.5+/5 Product Hunt; free; 10-15x engagement,r1q01-03,https://leadadvisors.com/blog/best-blogging-platform/,2026-01-09
WordPress.org,Self-hosted blogging platform,"Serious bloggers, businesses, developers","Full control, flexibility, extensive customization","Powers 40-43% of websites, 60,000+ plugins, free software, hosting from $3/month",r1q01-04,https://bloghunter.se/blog/best-blogging-platforms-in-2026-the-complete-guide,2026-01-26
Medium,Hybrid blogging platform,"Writers, content creators, journalists","Built-in audience, simplicity, no technical setup","Millions of readers, Partner Program, 5% fee on earnings, free to start",r1q01-04,https://bloghunter.se/blog/best-blogging-platforms-in-2026-the-complete-guide,2026-01-26
Ghost,Modern blogging platform,"Professional publishers, membership-based blogs","Fast, membership focus, clean writing experience","Starting at $9/month, built-in subscriptions, membership tools",r1q01-04,https://bloghunter.se/blog/best-blogging-platforms-in-2026-the-complete-guide,2026-01-26
Wix,Website builder with blogging,"Beginners, small businesses, creatives","Drag-and-drop, all-in-one solution, AI design assistant","Starting at $14-16/month, no coding required, 15% combined market share",r1q01-04,https://bloghunter.se/blog/best-blogging-platforms-in-2026-the-complete-guide,2026-01-26
Squarespace,Premium website builder,"Creatives, photographers, small businesses","Stunning templates, design-focused, all-in-one","Starting at $16/month, 20% organic traffic increase claimed, 15% combined market share",r1q01-04,https://bloghunter.se/blog/best-blogging-platforms-in-2026-the-complete-guide,2026-01-26
Substack,Newsletter platform,"Writers, journalists, thought leaders","Newsletter-focused, subscription-based, community engagement","Free to start, 10% fee on paid subscriptions, email integration",r1q01-04,https://bloghunter.se/blog/best-blogging-platforms-in-2026-the-complete-guide,2026-01-26
Blogger,Free blogging platform,"Beginners, hobbyists","Free, easy to use, Google integration","Owned by Google, 10% market share, integrated Google Adsense",r1q01-04,https://bloghunter.se/blog/best-blogging-platforms-in-2026-the-complete-guide,2026-01-26
BlogHunter,AI-powered automation tool,Bloggers across all platforms,"Automates content creation, SEO, distribution","Multi-platform support, AI content generation, SEO optimization, analytics",r1q01-04,https://bloghunter.se/blog/best-blogging-platforms-in-2026-the-complete-guide,2026-01-26
Ghost,open source CMS / blogging platform,individual bloggers and online publications,simple publishing; MIT license; traditional or headless CMS; nonprofit-run; managed Ghost(Pro) alternative to self-hosting,"released Oct 14, 2013; v6.33.0 2026-04-24; Kickstarter GBP196,362; 34 full-time staff Oct 2025; ActivityPub plans 2024",r1q01-06,https://en.wikipedia.org/wiki/Ghost_(blogging_platform),
Ghost Foundation,nonprofit org,Ghost project maintainers,revenue from hosted platform funds development,HQ Singapore; 34 full-time staff as of Oct 2025,r1q01-06,https://en.wikipedia.org/wiki/Ghost_(blogging_platform),
Ghost(Pro),managed hosting,users preferring managed solution,"fully managed, weekly updates, email support, monthly fee","crypto-mining malware incident May 3, 2020",r1q01-06,https://en.wikipedia.org/wiki/Ghost_(blogging_platform),
WordPress,CMS / blogging platform,blogs,Ghost pitched as simpler alternative given WordPress difficulty,,r1q01-06,https://en.wikipedia.org/wiki/Ghost_(blogging_platform),
Substack,blog host service,,competing blog host service,,r1q01-06,https://en.wikipedia.org/wiki/Ghost_(blogging_platform),
Disqus,hosted commenting system,blog authors,popular independent commenting system; ads unless disabled; paid Pro removes ads,Pro $11 USD/month; no markdown; butchers code,r1q02-03,https://andrewlock.net/considering-replacing-disqus-with-giscus/,2022-07-26
Utterances,open-source comment widget,blog authors,lightweight widget using GitHub issues,open source; relies on GitHub,r1q02-03,https://andrewlock.net/considering-replacing-disqus-with-giscus/,2022-07-26
Giscus,open-source comment widget,blog authors,"lightweight, based on utterances, uses GitHub Discussions",open source; relies on GitHub,r1q02-03,https://andrewlock.net/considering-replacing-disqus-with-giscus/,2022-07-26
Hypothesis,social annotation tool (vendor),education: students and instructors via LMS,replace LMS discussion boards by anchoring conversation to the reading text,blog post 22 May 2024; Getting Started Guide per LMS,r1q02-06,https://web.hypothes.is/blog/replace-your-discussion-boards-with-hypothesis-social-annotation/,2024-05-22
Faculty Focus,publication,faculty,source of article on discussion board complaints,"Page and Abbott, February 3, 2020",r1q02-06,https://web.hypothes.is/blog/replace-your-discussion-boards-with-hypothesis-social-annotation/,2024-05-22
Learning management system (LMS) discussion boards,incumbent practice,faculty and students,discrete place in course site separate from content,repetitive formulaic replies complaint,r1q02-06,https://web.hypothes.is/blog/replace-your-discussion-boards-with-hypothesis-social-annotation/,2024-05-22
Disqus,hosted commenting system,"small and large websites, bloggers",formerly leading; now ad-supported with paid ad removal,ads from Jan 2021 on author's blog; $10/month per site to remove ads,r1q02-08,https://www.cesarsotovalero.net/blog/replace-disqus-with-a-better-alternative.html,
Giscus,open-source comment widget on GitHub Discussions,developer blogs with GitHub-using audience,"author's preferred; replies, reactions, easy moderation, no server code","needs public repo, giscus app installed, Discussions enabled",r1q02-08,https://www.cesarsotovalero.net/blog/replace-disqus-with-a-better-alternative.html,
Utterances,open-source comment widget on GitHub Issues,developer blogs,"lightweight, widely used",may flood repo issues with comments,r1q02-08,https://www.cesarsotovalero.net/blog/replace-disqus-with-a-better-alternative.html,
Gitalk,open-source comment component on GitHub Issues and Preact,developer blogs,"distraction free mode, hotkeys, auto localization",,r1q02-08,https://www.cesarsotovalero.net/blog/replace-disqus-with-a-better-alternative.html,
Jekyll,static site generator,GitHub Pages bloggers,free deployment on GitHub,created by one of the GitHub founders,r1q02-08,https://www.cesarsotovalero.net/blog/replace-disqus-with-a-better-alternative.html,
Draft.dev,technical content agency,developer-focused companies,writes/refreshes technical content; founded by Karl Hughes,"Newsletter 2,500+ subscribers",r1q03-01,https://draft.dev/learn/refreshing-blog-posts,2022-11-22
Content Audit Tool (CAT),content audit tool,bloggers/content teams,helps identify how old blog posts are / audit content,mentioned as helper if no time to audit,r1q03-01,https://draft.dev/learn/refreshing-blog-posts,2022-11-22
Ahrefs,SEO tool,SEO/content teams,"analyze post age, word count, backlink profiles; guide on refreshing posts",,r1q03-01,https://draft.dev/learn/refreshing-blog-posts,2022-11-22
Google Search Console,search analytics tool,site owners,find posts ranking in positions 6-20,,r1q03-01,https://draft.dev/learn/refreshing-blog-posts,2022-11-22
Google Analytics,web analytics,site owners,identify declining traffic trends,,r1q03-01,https://draft.dev/learn/refreshing-blog-posts,2022-11-22
Cloudflare Worker,redirect mechanism,site owners,used to redirect removed posts to homepage,,r1q03-01,https://draft.dev/learn/refreshing-blog-posts,2022-11-22
Stream SEO (Servando Silva),SEO case study author,penalized sites,recovered penalized site,"site reached 6,000+ visits/month",r1q03-01,https://draft.dev/learn/refreshing-blog-posts,2022-11-22
Pkwy Digital,SEO case study,small sites,keyword optimization and merging posts,CTR 1.8% to 4.9%,r1q03-01,https://draft.dev/learn/refreshing-blog-posts,2022-11-22
GitBook,documentation platform (vendor),"technical and non-technical docs contributors, enterprise, API docs, help centers",release-linked docs with one review path; people stay in control of accuracy,"GitBook INC, Covina CA; newsletter 130k+ readers/month",r2q01-01,https://www.gitbook.com/blog/keep-technical-documentation-accurate,2026-09-24
GitBook Agent,AI docs agent,docs teams,"inspects docs context, identifies gaps, drafts change requests","output goes through review, not auto-published",r2q01-01,https://www.gitbook.com/blog/keep-technical-documentation-accurate,2026-09-24
GitBook MCP,MCP connector,teams using external AI tools,gives compatible AI tools access to GitBook content via GitBook API,labelled New in nav,r2q01-01,https://www.gitbook.com/blog/keep-technical-documentation-accurate,2026-09-24
Content Gaps,GitBook feature,docs teams with support/dev conversations,"compares questions and connected records to docs, flags missing/outdated/incorrect content ranked by severity",daily signal,r2q01-01,https://www.gitbook.com/blog/keep-technical-documentation-accurate,2026-09-24
Quality checks (Broken Links),GitBook feature,docs teams,flags inbound links returning 404,early step; not a complete validation suite; does not crawl every link,r2q01-01,https://www.gitbook.com/blog/keep-technical-documentation-accurate,2026-09-24
Git Sync,GitBook feature,engineers,lets engineers work through Git,,r2q01-01,https://www.gitbook.com/blog/keep-technical-documentation-accurate,2026-09-24
Change requests / diff view / version history / content variants,GitBook features,"reviewers, product managers, technical writers","review, preview diffs, restore earlier versions, separate docs per release",,r2q01-01,https://www.gitbook.com/blog/keep-technical-documentation-accurate,2026-09-24
FreedomPay,customer,"payments, financial services",rebuilding integration experience with GitBook; Docs Spotlight webinar,"webinar Oct 27, 2026",r2q01-01,https://www.gitbook.com/blog/keep-technical-documentation-accurate,2026-09-24
The State of Docs Report 2026,industry report,documentation professionals,insights from documentation experts across the industry,,r2q01-01,https://www.gitbook.com/blog/keep-technical-documentation-accurate,2026-09-24
Documentation as code (docs-as-code),method,engineering teams,"docs in version control with branching, reviews, automated checks",,r2q01-01,https://www.gitbook.com/blog/keep-technical-documentation-accurate,2026-09-24
Daily Documentation Updater,documentation maintenance workflow,general documentation,automated updater ensuring accuracy and completeness,96% merge rate (57/59 PRs),r2q01-02,https://github.github.com/gh-aw/blog/2026-01-13-meet-the-workflows-documentation/,2026-01-13
Glossary Maintainer,terminology management workflow,terminology synchronization,maintains consistency in terminology across codebase,"100% merge rate (10/10 PRs), detects terminology drift",r2q01-02,https://github.github.com/gh-aw/blog/2026-01-13-meet-the-workflows-documentation/,2026-01-13
Documentation Unbloat,documentation simplification workflow,content refinement,reduces verbosity and improves clarity,85% merge rate (88/103 PRs),r2q01-02,https://github.github.com/gh-aw/blog/2026-01-13-meet-the-workflows-documentation/,2026-01-13
Documentation Noob Tester,usability testing workflow,user experience validation,identifies confusing steps from new user perspective,"43% merge rate (9/21 PRs), generates issues via causal chain (62 discussions → 21 issues → 21 PRs)",r2q01-02,https://github.github.com/gh-aw/blog/2026-01-13-meet-the-workflows-documentation/,2026-01-13
Slide Deck Maintainer,presentation maintenance workflow,presentation materials,keeps presentation slides current without manual updates,40% merge rate (2/5 PRs),r2q01-02,https://github.github.com/gh-aw/blog/2026-01-13-meet-the-workflows-documentation/,2026-01-13
Multi-device Docs Tester,responsive design testing workflow,cross-device compatibility,verifies documentation site works across devices using Playwright,"100% merge rate (2/2 PRs), tests mobile/tablet/desktop",r2q01-02,https://github.github.com/gh-aw/blog/2026-01-13-meet-the-workflows-documentation/,2026-01-13
Blog Auditor,content validation workflow,blog post accuracy,validation-only workflow that flags outdated content,"6 audits completed (5 passed, 1 flagged issues), identifies outdated code examples and broken links",r2q01-02,https://github.github.com/gh-aw/blog/2026-01-13-meet-the-workflows-documentation/,2026-01-13
Technical Doc Writer,API documentation generation workflow,API reference documentation,generates and maintains API docs from code,updates documentation when code changes,r2q01-02,https://github.github.com/gh-aw/blog/2026-01-13-meet-the-workflows-documentation/,2026-01-13
Fern,API documentation and SDK generation platform,"Developers, API teams",Generates API documentation and SDKs from specifications while supporting human-written conceptual guides; handles breaking changes and version management automatically,Reads OpenAPI or Fern Definition files; generates code snippets across nine languages; supports multi-version documentation; integrates with CI/CD via GitHub Actions; uses docs.yml configuration,r2q01-03,https://buildwithfern.com/post/generated-vs-manual-documentation-which-approach,2026-02-09
Hashnode,blogging platform,"technical writers, developers",GraphQL API for custom publishing interfaces,"Provides GraphQL API for publishing, draft creation, Personal Access Tokens for auth, publication-based organization",r2q02-04,https://hashnode.com/blog/publishing-a-blog-post-to-hashnode-using-a-custom-editing-interface,2024-04-30
MDXEditor,editor library,React-based blog editors,"Customizable MDX editor with plugin system, toolbar controls","Supports bold, italic, underline, inline code, headings, links, markdown shortcuts, configurable via plugins",r2q02-04,https://hashnode.com/blog/publishing-a-blog-post-to-hashnode-using-a-custom-editing-interface,2024-04-30
Vite,build tool,React development,Fast development server with hot reloading,"v5.1.3 mentioned, development server runs on localhost:5173, enables fast iteration",r2q02-04,https://hashnode.com/blog/publishing-a-blog-post-to-hashnode-using-a-custom-editing-interface,2024-04-30
React,JavaScript framework,frontend development,Component-based UI framework for blog editor,"Used with TypeScript, Vite template available, useRef and useState hooks for state management",r2q02-04,https://hashnode.com/blog/publishing-a-blog-post-to-hashnode-using-a-custom-editing-interface,2024-04-30
Tailwind CSS,CSS framework,utility-first styling,Styling for custom blog editor interface,"@tailwindcss/typography plugin included, supports responsive and interactive styling",r2q02-04,https://hashnode.com/blog/publishing-a-blog-post-to-hashnode-using-a-custom-editing-interface,2024-04-30
Hashnode GraphQL API,API service,blog automation,Endpoint at gql.hashnode.com for publishing operations,"Supports publishPost and createDraft mutations, requires PAT authentication for mutations, returns preview URL",r2q02-04,https://hashnode.com/blog/publishing-a-blog-post-to-hashnode-using-a-custom-editing-interface,2024-04-30
Check Reading List Staleness (check-reading-list-staleness.yml),GitHub Actions workflow,maintainers of hand-curated reading lists (csoh.org),monthly auto-generated issue flagging feeds with newest entry >180 days; does not auto-edit,"threshold 180 days; 29 healthy, 0 stale on 2026-10-01",r2q03-01,https://github.com/CloudSecurityOfficeHours/csoh.org/issues/1802,2026-10-01
csoh.org (CloudSecurityOfficeHours),community website / GitHub repo,cloud security community,"hand-curated reading list of blogs, newsletters, podcasts, youtube","7 forks, 18 stars",r2q03-01,https://github.com/CloudSecurityOfficeHours/csoh.org/issues/1802,2026-10-01
Google Search Console,search tool,site owners/SEO,used to audit sitemap behaviour,shows sitemap re-downloaded daily,r2q03-02,https://github.com/Monsoft-Solutions/alluring-website-v1/issues/226,2026-09-11
drizzle-kit,DB migration tool,developers,drizzle-kit generate does not manage triggers,migration needs hand-written SQL after generated ALTER TABLE,r2q03-02,https://github.com/Monsoft-Solutions/alluring-website-v1/issues/226,2026-09-11
alluring-website-v1 (Monsoft-Solutions),GitHub repo / blog CMS with admin refresh brief and decay detection,own site,in-house blog with staleness/refresh loop,"0 forks, 0 stars; issue #226 opened Sep 11, 2026",r2q03-02,https://github.com/Monsoft-Solutions/alluring-website-v1/issues/226,2026-09-11
DX Out of Date,WordPress plugin,"WordPress blog owners, content teams managing multiple old articles",Plugin-based solution for automatic stale content notifications with granular control,"Allows setting custom stale period, notification message, color, and post type filtering. Can be disabled per post via Block Editor",r2q03-03,https://visualmodo.com/old-post-notice-for-wordpress-how-to-auto-add-outdated-content-notification-to-your-blog/,2026-05-17
WP LastModifiedInfo,WordPress plugin,WordPress blog owners wanting transparency on content freshness,Plugin displaying last modified date instead of or alongside publish date,Shows modification date for all posts; time range limited to 30 days. Provides three blocks for manual insertion,r2q03-03,https://visualmodo.com/old-post-notice-for-wordpress-how-to-auto-add-outdated-content-notification-to-your-blog/,2026-05-17
WordPress theme customization (single.php),Code-based method,Developers comfortable with PHP and theme editing,Manual code implementation for maximum flexibility in stale content handling,"Requires editing single.php template; uses PHP functions get_the_time(), get_the_modified_time(), human_time_diff()",r2q03-03,https://visualmodo.com/old-post-notice-for-wordpress-how-to-auto-add-outdated-content-notification-to-your-blog/,2026-05-17
poketto,Publishing platform,"Technical authors, community-reviewed articles",Platform with integrated reader correction workflow and community crediting,"Project by core607; reader corrections merged Sep 24, 2026; supports PUBLISH-gated review; implements notified proposers",r2q04-01,https://github.com/core607/poketto/pull/201,2026-09-24
CommunityCorrections,Java service component,Backend proposal handling,"Central orchestrator for propose, accept, decline, withdraw; handles gating, notifications, rate limits",Manages state transitions; handles ACCEPTING claim with 10-min timeout; integrates with RepositoryReviewedBodyEdits,r2q04-01,https://github.com/core607/poketto/pull/201,2026-09-24
RepositoryReviewedBodyEdits,Java service component,Git integration,Handles actual file modification; detects ALREADY_APPLIED; preserves bytes before body,Preserves BOM and CRLF; returns null on ALREADY_APPLIED; writes outside transaction for GitHub credentials,r2q04-01,https://github.com/core607/poketto/pull/201,2026-09-24
correction-proposal.tsx,React UI component,Reader-facing suggestion form,Renders proposal submission UI; shows status; hides withdraw button during ACCEPTING,Uses .catch(() => undefined) to isolate mine query failure; shows credit checkbox; reads mine proposals on mount,r2q04-01,https://github.com/core607/poketto/pull/201,2026-09-24
GitHub Suggested Changes,feature in PR review,OSS maintainers and contributors making small fixes,Suggest exact change in a comment; maintainer accepts in one or two clicks; co-author credit,Around since October 2018; still not well-known (per 2019 post and 2025 comment),r2q04-02,https://haacked.com/archive/2019/06/03/suggested-changes/,2019-06-03
Pull request fork-edit-PR workflow,contribution workflow,contributors without write access,"Standard fix route, heavyweight","Requires fork, edit, PR; fork pollutes repo list",r2q04-02,https://haacked.com/archive/2019/06/03/suggested-changes/,2019-06-03
haacked.com 'suggest edit' link,blog reader-correction link,blog readers,Per-post link to report typo or mistake,Shown on 2019 post,r2q04-02,https://haacked.com/archive/2019/06/03/suggested-changes/,2019-06-03
GitHub for Dummies,book,GitHub learners,Source of tips by Phil Haack and Sarah Guthals,Author plans more tip posts,r2q04-02,https://haacked.com/archive/2019/06/03/suggested-changes/,2019-06-03
Netlify (deploy previews),hosting/CI preview tool,solo blog owner,"bot comments deploy preview link, QR for mobile on each PR",two previews ready for commit 7afdb64,r2q04-03,https://github.com/dhrubo55/personal-blog/pull/2,2026-09-20
Hugo,static site generator,personal blog,repeatable build checks added as tests,commit 52ec646,r2q04-03,https://github.com/dhrubo55/personal-blog/pull/2,2026-09-20
Fern,documentation platform (vendor),API/SDK developer docs teams,"single platform consolidating linting, link checking, deployment rather than stitching separate tools",native Vale integration; built-in link checker; Fern Writer AI agent; git-synced last-updated timestamps,r2q05-04,https://buildwithfern.com/post/docs-linting-guide,2026-01-17
Vale,open-source prose linter,technical writers and developers in Git-based workflows,"configurable style and terminology rules, extensible, CLI","supports Markdown, reStructuredText, AsciiDoc, HTML; imports Microsoft and Google style guides",r2q05-04,https://buildwithfern.com/post/docs-linting-guide,2026-01-17
Fern Writer,AI documentation agent,docs teams using Slack and GitHub PRs,generates content and auto-fixes linter-flagged issues in PRs,requests via Slack; opens PR; must pass same Vale checks,r2q05-04,https://buildwithfern.com/post/docs-linting-guide,2026-01-17
Microsoft Manual of Style,style guide,technical writing,importable into Vale,,r2q05-04,https://buildwithfern.com/post/docs-linting-guide,2026-01-17
Google Developer Documentation Style Guide,style guide,technical writing,importable into Vale,,r2q05-04,https://buildwithfern.com/post/docs-linting-guide,2026-01-17
GitHub Actions,CI automation,docs teams,triggers docs builds on release tags and auto-merges docs PRs,,r2q05-04,https://buildwithfern.com/post/docs-linting-guide,2026-01-17
JSDoc/TSDoc,Documentation Format Standard,Function-level documentation for JavaScript and TypeScript,The standard format displayed in IDE hover tooltips; tools like TypeDoc generate API documentation from JSDoc,Used by most IDEs; integration with TypeDoc for API generation; AI tools including Copilot and Cursor can generate from function signatures,r2q05-06,https://dualite.dev/blogs/code-documentation-best-practices,2026-06-14
Mintlify,Documentation Platform,Public-facing developer documentation and API references,Generates documentation websites from codebase; Git integration detects when documented code changes and flags documentation for review,Strong for API documentation from OpenAPI specs and getting-started guides; replaces Gitbook and Readme.io as default tool for developer-facing documentation,r2q05-06,https://dualite.dev/blogs/code-documentation-best-practices,2026-06-14
Swimm,Documentation Tool,Internal knowledge documentation linked to specific code,"Documentation lives alongside code and links directly to specific files, functions, and lines; detects stale documentation and prompts for updates",Maintains link between code and documentation; AI generates draft documentation from code that humans review and edit; has GitHub integration to flag stale documentation,r2q05-06,https://dualite.dev/blogs/code-documentation-best-practices,2026-06-14
README.md,Project Documentation,Entry point documentation for open-source and internal repositories,Most-read piece of documentation in entire project; quality bar increased with AI-assisted generation,"Should answer: what does project do, why use over alternatives, how to get running locally, how to contribute, where is full documentation",r2q05-06,https://dualite.dev/blogs/code-documentation-best-practices,2026-06-14
Architecture Decision Records (ADRs),Documentation Format,Large teams and long-lived codebases,"Captures significant architectural decisions with context, decision, and consequences; stored in repository alongside code",Human writes (AI cannot know the why); becomes more important with AI agents making code changes; prevents teams from re-litigating same choices,r2q05-06,https://dualite.dev/blogs/code-documentation-best-practices,2026-06-14
NIST,research organization,federal software analysis,authoritative source on economic cost of poor documentation,"Published study finding $31 billion annual cost, 15% of development budgets consumed by documentation errors",r2q05-07,https://gitdoc.ai/resources/documentation-in-software,2026-06-24
Stack Overflow Developer Survey,developer research,developer preferences and pain points,primary source for developer documentation expectations,2021 survey found 63% of developers abandon libraries due to poor documentation,r2q05-07,https://gitdoc.ai/resources/documentation-in-software,2026-06-24
Doxygen,documentation automation tool,legacy API documentation generation,historical solution for automated documentation from code,Solved pieces of documentation automation years ago,r2q05-07,https://gitdoc.ai/resources/documentation-in-software,2026-06-24
Javadoc,documentation automation tool,legacy Java API documentation,older platform for automated API reference generation,Solved pieces of documentation automation years ago,r2q05-07,https://gitdoc.ai/resources/documentation-in-software,2026-06-24
GitDoc,documentation platform,Git-based documentation with automated sync,"modern tool combining repository management with docs, pull request review workflows","Turns GitHub repository into documentation site, proposes reviewable updates on codebase shifts, free forever plan",r2q05-07,https://gitdoc.ai/resources/documentation-in-software,2026-06-24
Archyl,drift detection platform,software architecture documentation,"automated drift scoring with CI integration, webhook alerts, conformance rules","provides drift score 0-100, lightweight (no AI tokens), deterministic, actionable breakdowns",r3q01-04,https://dev.to/eko/architecture-drift-detection-keep-your-code-aligned-with-design-kae,2024-06-08
ArchUnit,static analysis tool,Java,enforce dependency rules and layered architecture within codebase,part of family of architecture validation tools,r3q01-04,https://dev.to/eko/architecture-drift-detection-keep-your-code-aligned-with-design-kae,2024-06-08
Deptrac,static analysis tool,PHP,enforce dependency rules and layered architecture within codebase,part of family of architecture validation tools,r3q01-04,https://dev.to/eko/architecture-drift-detection-keep-your-code-aligned-with-design-kae,2024-06-08
go-arch-lint,static analysis tool,Go,enforce dependency rules and layered architecture within codebase,part of family of architecture validation tools,r3q01-04,https://dev.to/eko/architecture-drift-detection-keep-your-code-aligned-with-design-kae,2024-06-08
Structurizr DSL,architecture-as-code format,text-based architecture modeling,enables version control and PR review of architecture models,text-based format for architecture definition,r3q01-04,https://dev.to/eko/architecture-drift-detection-keep-your-code-aligned-with-design-kae,2024-06-08
Drift,documentation linter tool,"agents, developers, technical documentation",solves documentation rot and staleness via AST-aware anchoring to code,"open source, tree-sitter and git based, supports 7 languages, by Fiberplane, 2026",r3q01-07,https://fiberplane.com/blog/drift-documentation-linter/,2026-03-25
tree-sitter,code parsing library,"tools, language support infrastructure",incremental parser for building syntax trees,"used by drift for AST parsing, supports multiple languages",r3q01-07,https://fiberplane.com/blog/drift-documentation-linter/,2026-03-25
doc tests,existing approach to spec sync,"Rust, Python developers",keeps code examples in documentation in sync,"language-specific, focuses on example code, not prose",r3q01-07,https://fiberplane.com/blog/drift-documentation-linter/,2026-03-25
snippet embedding tools,existing approach to spec sync,technical documentation,embeds code snippets from source into docs,"focuses on code examples, not description prose",r3q01-07,https://fiberplane.com/blog/drift-documentation-linter/,2026-03-25
commercial products,existing approach to spec sync,enterprise documentation,various tools for spec and code alignment,"unnamed in article, similar scope to doc tests and snippet tools",r3q01-07,https://fiberplane.com/blog/drift-documentation-linter/,2026-03-25
Effect,code quality library,fp.dev development,enforces code explicitness,adopted by Fiberplane for agent-optimized codebase,r3q01-07,https://fiberplane.com/blog/drift-documentation-linter/,2026-03-25
ast-grep,structural linting tool,code quality enforcement,enforces code shape and rules,used by Fiberplane alongside Effect and tests,r3q01-07,https://fiberplane.com/blog/drift-documentation-linter/,2026-03-25
Fiberplane,developer tools company,agent-driven development,builds tools for self-driving codebases and agent optimization,"created fp.dev, drift, uses agent tools for development",r3q01-07,https://fiberplane.com/blog/drift-documentation-linter/,2026-03-25
fact-checked-politics (PatrickNLT),open-data transcript fact-check project on GitHub,readers correcting political transcripts,corrections as PRs/edits to transcript.md; git is the corrections log; CI schema validation,"0 stars, 0 forks; issue #16 opened Sep 5, 2026, closed as not planned",r3q03-04,https://github.com/PatrickNLT/fact-checked-politics/issues/16,2026-09-05
ADR 0005,architecture decision record,project maintainers,"documents allowed/forbidden edits, id counter, retired-id map",draft PR #35,r3q03-04,https://github.com/PatrickNLT/fact-checked-politics/issues/16,2026-09-05
Wayfinder,ticket label/workflow,project maintainers,wayfinder:grilling = ticket resolved by conversation,applied to issue #16,r3q03-04,https://github.com/PatrickNLT/fact-checked-politics/issues/16,2026-09-05
GitHub suggested changes,PR review feature,developers on pull requests,line-level code suggestions applied as commit with one click,"public beta Oct 2018; >100,000 in few weeks; ~4% of PR review comments",r3q03-05,https://chbrown13.github.io/papers/suggestions.pdf,2020
PR review comments with fenced code,manual alternative,GitHub developers,"markdown code fences in comments, no auto-apply","6,937 comments with code; 0.9% accepted",r3q03-05,https://chbrown13.github.io/papers/suggestions.pdf,2020
Review Bot,research tool,code reviewers at VMWare,automates static analysis and reviewer recommendation,"improved code quality, reduced reviewer effort",r3q03-05,https://chbrown13.github.io/papers/suggestions.pdf,2020
C-3PR,bot,developers,fixes static analysis violations via pull requests,SANER 2020,r3q03-05,https://chbrown13.github.io/papers/suggestions.pdf,2020
Spyglass,IDE tool,programmers,active help for code search/navigation,timeliness issues discouraged adoption,r3q03-05,https://chbrown13.github.io/papers/suggestions.pdf,2020
ToolBox,system,Unix users,living directory for Unix tools,1994,r3q03-05,https://chbrown13.github.io/papers/suggestions.pdf,2020
GitHub Actions,CI/automation,GitHub users,proposed future study target,mentioned only,r3q03-05,https://chbrown13.github.io/papers/suggestions.pdf,2020
GitLab AutoDevOps,CI/automation,GitLab users,proposed future study target,mentioned only,r3q03-05,https://chbrown13.github.io/papers/suggestions.pdf,2020
Suggest Changes Action,GitHub Action,code-review automation,automated code review suggestions from working directory changes,"Version v3.1.2, Created by parkerbxyz, 22 stars, 12 contributors, 8 pull requests, not certified by GitHub",r3q03-06,https://github.com/marketplace/actions/suggest-changes-action,
markdownlint,Linter tool,markdown code quality,used in example workflow to fix markdown style issues,"Referenced in complete example, paired with suggest-changes action",r3q03-06,https://github.com/marketplace/actions/suggest-changes-action,
GitHub Actions,Automation platform,CI/CD and workflow automation,platform for automating GitHub workflows,"Supports pull_request and pull_request_target events, has API rate limits",r3q03-06,https://github.com/marketplace/actions/suggest-changes-action,
GitHub App token,Authentication mechanism,secure authentication for forks,recommended solution for pull requests from forks,"Provides write permissions, more secure than pull_request_target",r3q03-06,https://github.com/marketplace/actions/suggest-changes-action,
Hugo,Static site generator,Blog platforms,"Fast, simple, stable generator with shortcodes and partials system","Used since 2019, flawless performance, uses Go language",r3q04-01,https://www.eliostruyf.com/migration-story-hugo-astro/,2025-03-17
Astro,Static site generator framework,Modern blog platforms,"Flexible framework with component system, JavaScript/TypeScript support, easy to get started","Supports React integration, uses .astro files, Markdown/MDX support, has breaking changes in recent versions",r3q04-01,https://www.eliostruyf.com/migration-story-hugo-astro/,2025-03-17
React,Component library,Frontend frameworks,"Component-based UI library, integrates easily with Astro","Previously required webpack bundler in Hugo setup, now native integration in Astro",r3q04-01,https://www.eliostruyf.com/migration-story-hugo-astro/,2025-03-17
Tailwind,CSS framework,Styling solutions,Utility-first CSS framework,"Had breaking changes from .mjs config to utility-first class definitions, required config refactor",r3q04-01,https://www.eliostruyf.com/migration-story-hugo-astro/,2025-03-17
Front Matter CMS,Content management tool,Developer-focused CMS,VS Code extension for content management,"Custom tooling developed by author, integrates with decoupled content strategy",r3q04-01,https://www.eliostruyf.com/migration-story-hugo-astro/,2025-03-17
GitHub Copilot,AI development assistant,Developer tools,AI-powered code completion and generation,"Used for data conversion, more effective in inline chat with single items than batch processing",r3q04-01,https://www.eliostruyf.com/migration-story-hugo-astro/,2025-03-17
Hugo,static site generator,"technical blogs, documentation sites",previous platform - being migrated away from,"used for 172 legacy URLs, content in content/ directory, includes Facebook Like SDK from 2016",r3q04-03,https://github.com/nownabe/blog.nownabe.com/pull/107,2026-09-19
Astro 7,static site generator,"modern static sites, content-heavy sites","new platform - migration target, supports content collections and Sätteri pipeline","supports Sätteri pipeline, mdast plugins, Shiki dual themes, bun as build tool",r3q04-03,https://github.com/nownabe/blog.nownabe.com/pull/107,2026-09-19
bun,package manager and build tool,JavaScript/TypeScript projects,replaces npm for dependency management and build scripts,"used with bun.lock, bun run build for deployment, mise pins the version",r3q04-03,https://github.com/nownabe/blog.nownabe.com/pull/107,2026-09-19
mise,environment and task manager,"polyglot development, version pinning","pins node and bun versions, maps mise run tasks to bun run scripts",mise run new <slug> replaces Hugo archetype for creating posts,r3q04-03,https://github.com/nownabe/blog.nownabe.com/pull/107,2026-09-19
Shiki,syntax highlighter,code highlighting in static sites,provides dual themes with proper dark-mode support,"replaces chroma.css, integrated with Astro's Sätteri pipeline",r3q04-03,https://github.com/nownabe/blog.nownabe.com/pull/107,2026-09-19
textlint,text linting tool,Japanese technical writing,pending deployment policy decision,"referenced as future work, policy and hosting decision still pending",r3q04-03,https://github.com/nownabe/blog.nownabe.com/pull/107,2026-09-19
GitHub Pages vs Cloudflare,hosting platforms,static site hosting,two deployment options under consideration,decision on hosting provider is a follow-up item post-migration,r3q04-03,https://github.com/nownabe/blog.nownabe.com/pull/107,2026-09-19
