sid,round,qid,rank,url,domain,title,duplicate_of,screen,screen_reason,fetch_method,fetch_status,fetch_reason,chars,format,html_mode,truncated,harvest_model,recall,source_type,published,included
r1q01-01,1,r1q01,1,https://www.quicksprout.com/best-blogging-platforms/,quicksprout.com,The Best Blogging Platforms in 2026,,exclude,seo,,,,,,,,,,,,no
r1q01-02,1,r1q01,2,https://firstsiteguide.com/best-blogging-platforms/,firstsiteguide.com,The 7 Best Blogging Platforms in 2026 (Compared),,exclude,seo,,,,,,,,,,,,no
r1q01-03,1,r1q01,3,https://leadadvisors.com/blog/best-blogging-platform/,leadadvisors.com,"17 Best Blogging Platforms in 2025–2026 (Ranked by Use Case, Budget & Skill Level)",,include,relevant comprehensive comparison,curl,ok,,39267,html,stripped,no,haiku,1.0,vendor,2026-01-09,yes
r1q01-04,1,r1q01,4,https://bloghunter.se/blog/best-blogging-platforms-in-2026-the-complete-guide,bloghunter.se,Best Blogging Platforms in 2026: The Complete Guide,,include,relevant complete guide,curl,ok,,143826,html,stripped,no,haiku,1.0,vendor,2026-01-26,yes
r1q01-05,1,r1q01,5,https://thesideblogger.com/best-blogging-platforms/,thesideblogger.com,The Best Blogging Platforms And Which One Should You Use,,exclude,seo,,,,,,,,,,,,no
r1q01-06,1,r1q01,6,https://en.wikipedia.org/wiki/Ghost_(blogging_platform),en.wikipedia.org,Ghost (blogging platform),,include,primary source,curl,ok,,8457,html,stripped,no,sonnet,1.0,other,,yes
r1q01-07,1,r1q01,7,https://resources.plainenglish.io/best-developer-blogging-platforms-compared,resources.plainenglish.io,Best Developer Blogging Platforms Compared in 2026,,include,relevant developer-focused,,,,,,,,,,,,no
r1q01-08,1,r1q01,8,https://writersimranthakur.com/2026/01/03/top-5-blogging-platforms-every-writer-should-try-in-2026/,writersimranthakur.com,Top 5 Blogging Platforms Every Writer Should Try in 2026,,exclude,thin,,,,,,,,,,,,no
r1q02-01,1,r1q02,1,https://github.com/anshu957/anshu957.github.io/issues/9,github.com,Add comments to blog posts · Issue #9 · anshu957/anshu957.github.io,,exclude,off-topic personal issue,,,,,,,,,,,,no
r1q02-02,1,r1q02,2,https://www.libhunt.com/r/giscus,libhunt.com,Giscus Alternatives and Reviews,,exclude,seo aggregator,,,,,,,,,,,,no
r1q02-03,1,r1q02,3,https://andrewlock.net/considering-replacing-disqus-with-giscus/,andrewlock.net,Considering replacing Disqus with Giscus,,include,primary technical blog,curl,ok,,4584,html,stripped,no,sonnet,1.0,blog,2022-07-26,yes
r1q02-04,1,r1q02,4,https://tooltivity.com/extensions/hypothesis,tooltivity.com,Hypothesis - Web & PDF Annotation Review & Alternatives,,exclude,seo aggregator,,,,,,,,,,,,no
r1q02-05,1,r1q02,5,https://alternativeto.net/software/giscus/,alternativeto.net,giscus Alternatives: Top 12 Comment Platforms & Similar Apps,,exclude,seo listicle,,,,,,,,,,,,no
r1q02-06,1,r1q02,6,https://web.hypothes.is/blog/replace-your-discussion-boards-with-hypothesis-social-annotation/,web.hypothes.is,Replace Your Discussion Boards with Hypothesis Social Annotation : Hypothesis,,include,primary vendor blog,curl,ok,,4903,html,stripped,no,sonnet,1.0,vendor,2024-05-22,yes
r1q02-07,1,r1q02,7,https://www.saashub.com/giscus-alternatives,saashub.com,giscus Alternatives & Competitors - SaaSHub,,exclude,seo aggregator,,,,,,,,,,,,no
r1q02-08,1,r1q02,8,https://www.cesarsotovalero.net/blog/replace-disqus-with-a-better-alternative.html,cesarsotovalero.net,Replace the Disqus Commenting System on Your Blog,,include,primary technical blog,curl,ok,,7805,html,stripped,no,sonnet,1.0,blog,,yes
r1q03-01,1,r1q03,1,https://draft.dev/learn/refreshing-blog-posts,draft.dev,Refresh Blog Posts The Right Way,,include,relevant | primary vendor content,curl,ok,,13418,html,stripped,no,sonnet,1.0,vendor,2022-11-22,yes
r1q03-02,1,r1q03,2,https://susannagebauer.com/blog/blog-post-needs-publication-date/,susannagebauer.com,Why Every Blog Post Needs a Publication Date,,exclude,thin personal blog,,,,,,,,,,,,no
r1q03-03,1,r1q03,3,https://blog.hubspot.com/marketing/why-blogs-fail,blog.hubspot.com,Why Blogs Fail — And How to Make Sure Yours Doesn't,,exclude,seo listicle format,,,,,,,,,,,,no
r1q03-04,1,r1q03,4,https://writersanctuary.com/updating-old-tech-articles/,writersanctuary.com,Updating Old Tech Articles: Why It's Vital to Success,,include,relevant | tech article updates,curl,ok,,10054,html,stripped,no,haiku,1.0,blog,2025-02-12,yes
r1q03-05,1,r1q03,5,https://actionblogger.com/blogging/how-to-write-a-technical-blog-post-people-actually-want-to-read/,actionblogger.com,How to Write a Technical Blog Post People Actually Want to Read,,exclude,off-topic | writing not maintenance,,,,,,,,,,,,no
r1q03-06,1,r1q03,6,https://ericmelillo.com/why-blogs-fail/,ericmelillo.com,Why Blogs Fail: 12 Eye-Opening Reasons (Beat the Odds) - EricMelillo.com,,exclude,seo listicle format,,,,,,,,,,,,no
r1q03-07,1,r1q03,7,https://dev.to/blackgirlbytes/the-ultimate-guide-to-writing-technical-blog-posts-5464,dev.to,The Ultimate Guide to Writing Technical Blog Posts - DEV Community,,exclude,off-topic | writing not maintenance,,,,,,,,,,,,no
r1q03-08,1,r1q03,8,https://medium.com/writers-blokke/common-technical-blog-writing-mistakes-to-avoid-21dfa75c01ee,medium.com,7 Common Tech Blogging Mistakes to Avoid,,exclude,seo listicle format,,,,,,,,,,,,no
r2q01-01,2,r2q01,1,https://www.gitbook.com/blog/keep-technical-documentation-accurate,gitbook.com,How to keep technical documentation accurate as code and products change,,include,relevant primary vendor engineering blog,curl,ok,,24663,html,stripped,no,sonnet,1.0,vendor,2026-09-24,yes
r2q01-02,2,r2q01,2,https://github.github.com/gh-aw/blog/2026-01-13-meet-the-workflows-documentation/,github.github.com,Meet the Workflows: Continuous Documentation,,include,relevant primary GitHub official,curl,ok,,6907,html,stripped,no,haiku,0.75,vendor,2026-01-13,yes
r2q01-03,2,r2q01,3,https://buildwithfern.com/post/generated-vs-manual-documentation-which-approach,buildwithfern.com,Generated vs manual docs: Jan 2026 guide,,include,relevant recent vendor blog,curl,ok,,14819,html,stripped,no,haiku,0.55,vendor,2026-02-09,yes
r2q01-04,2,r2q01,4,https://document360.com/blog/documentation-drift/,document360.com,"Documentation Drift: Causes, Impact & How to Prevent It with AI",,include,relevant primary vendor analysis,,,,,,,,,,,,no
r2q01-05,2,r2q01,5,https://dev.to/bala_paranj_059d338e44e7e/your-docs-are-outdated-you-just-dont-know-which-ones-14ja,dev.to,Your Docs are Outdated. You Just Don't Know Which Ones. - DEV Community,,include,relevant community discussion staleness,,,,,,,,,,,,no
r2q01-06,2,r2q01,6,https://www.mintlify.com/library/how-to-stop-documentation-drift,mintlify.com,How to Stop Documentation Drift: Keeping Docs in Sync as Your Code Changes,,include,relevant primary vendor solutions,,,,,,,,,,,,no
r2q01-07,2,r2q01,7,https://www.glitter.io/blog/process-documentation/why-documentation-gets-outdated,glitter.io,Why Documentation Gets Outdated & How to Fix It,,include,relevant primary vendor blog,,,,,,,,,,,,no
r2q01-08,2,r2q01,8,https://blog.docuwiz.io/p/docs-as-code-how-to-prevent-api-documentation,blog.docuwiz.io,Docs-as-Code: How to Prevent API Documentation Drift,,include,relevant primary technical blog,,,,,,,,,,,,no
r2q02-01,2,r2q02,1,https://dev.to/rulestack/85-hours-unseen-while-every-check-was-green-the-hashnode-thread-our-poller-never-read-4bd0,dev.to,8.5 hours unseen while every check was green: the Hashnode thread our poller never read - DEV Community,,exclude,off-topic monitoring issue not editing,,,,,,,,,,,,no
r2q02-02,2,r2q02,2,https://hashnode.com/post/how-to-edit-your-post-slug-on-hashnode-ckel6p1sl00k8ijs1apw48tzk,hashnode.com,How to edit your post slug on Hashnode - Hashnode,,include,primary editing documentation for posts,curl,failed,http 404,0,html,,,,,,,no
r2q02-03,2,r2q02,3,https://hashnode.com/post/where-do-you-editdelete-a-post-ckdn3c97d007y3bs16564hq3x,hashnode.com,Where do you edit/delete a post? - Hashnode,,include,primary official editing documentation,curl,failed,http 404,0,html,,,,,,,no
r2q02-04,2,r2q02,4,https://hashnode.com/blog/publishing-a-blog-post-to-hashnode-using-a-custom-editing-interface,hashnode.com,Publishing a blog post to Hashnode using a custom editing interface,,include,primary blog editing interface documentation,curl,ok,,13543,html,stripped,no,haiku,1.0,blog,2024-04-30,yes
r2q02-05,2,r2q02,5,https://townhall.hashnode.com/why-you-should-republish-your-devblog-posts-and-how-to-do-it,townhall.hashnode.com,Why You Should Republish Your Devblog Posts and How to Do It,,include,primary official staleness and updates guide,,,,,,,,,,,,no
r2q02-06,2,r2q02,6,https://www.blogbowl.io/blog/posts/hashnode-vs-dev-to-which-platform-is-best-for-developers-in-2025,blogbowl.io,Hashnode vs Dev.to: Which Platform is Best for Developers in 2025?,,exclude,seo comparison listicle aggregator,,,,,,,,,,,,no
r2q02-07,2,r2q02,7,https://townhall.hashnode.com/what-can-i-post-on-hashnode,townhall.hashnode.com,What Can I Post on Hashnode? And Who Owns My Content?,,exclude,off-topic content policies not editing,,,,,,,,,,,,no
r2q02-08,2,r2q02,8,https://blog.eamonncottrell.com/re-publishing-hashnode-articles-to-dev-with-github-actions,blog.eamonncottrell.com,Re-Publishing Hashnode Articles to DEV with GitHub Actions,,include,relevant cross-platform publishing workflow,,,,,,,,,,,,no
r2q03-01,2,r2q03,1,https://github.com/CloudSecurityOfficeHours/csoh.org/issues/1802,github.com,Reading list: monthly staleness report · Issue #1802 · CloudSecurityOfficeHours/csoh.org,,include,relevant primary,curl,ok,,4742,html,stripped,no,sonnet,1.0,primary,2026-10-01,yes
r2q03-02,2,r2q03,2,https://github.com/Monsoft-Solutions/alluring-website-v1/issues/226,github.com,"Blog lastmod and dateModified are driven by the view counter, not by content changes · Issue #226",,include,relevant primary,curl,ok,,4349,html,stripped,no,sonnet,1.0,primary,2026-09-11,yes
r2q03-03,2,r2q03,3,https://visualmodo.com/old-post-notice-for-wordpress-how-to-auto-add-outdated-content-notification-to-your-blog/,visualmodo.com,Old Post Notice for WordPress: How To Auto Add Outdated Content Notification To Your Blog?,,include,relevant tool,curl,ok,,10795,html,stripped,no,haiku,0.5,blog,2026-05-17,yes
r2q03-04,2,r2q03,4,https://www.wpbeginner.com/plugins/how-to-add-old-post-notification-on-your-wordpress-blog/,wpbeginner.com,How to Add Old Post Notification on Your WordPress Blog,,include,relevant primary,,,,,,,,,,,,no
r2q03-05,2,r2q03,5,https://github.com/COS301-SE-2026/ConsultIQ/issues/578,github.com,US-076 · Staleness Indicator & Review Prompting [S] Backlog · Backend / Frontend · Issue #578,,include,relevant primary,,,,,,,,,,,,no
r2q03-06,2,r2q03,6,https://goldsteinbrossard.com/blog/stale-website-content/,goldsteinbrossard.com,Stale Website Content - What Is It and What To Do About It,,include,relevant,,,,,,,,,,,,no
r2q03-07,2,r2q03,7,https://doctorrank.com/old-content-ranking-risk,doctorrank.com,Can Old Blog Content Hurt Your Website Rankings?,,include,relevant,,,,,,,,,,,,no
r2q03-08,2,r2q03,8,https://www.contentpowered.com/blog/published-modified-date-seo/,contentpowered.com,Published vs Last Updated Date: Which is Better for SEO? - Content Powered,,include,relevant,,,,,,,,,,,,no
r2q04-01,2,r2q04,1,https://github.com/core607/poketto/pull/201,github.com,feat: reader corrections reviewed and committed by publishing members by core607 · Pull Request #201 · core607/poketto,,include,primary relevant example,curl,ok,,18734,html,stripped,no,haiku,0.6,primary,2026-09-24,yes
r2q04-02,2,r2q04,2,https://haacked.com/archive/2019/06/03/suggested-changes/,haacked.com,Suggesting Changes on GitHub,,include,primary relevant source,curl,ok,,5868,html,stripped,no,sonnet,1.0,blog,2019-06-03,yes
r2q04-03,2,r2q04,3,https://github.com/dhrubo55/personal-blog/pull/2,github.com,blog improvements by dhrubo55 · Pull Request #2 · dhrubo55/personal-blog,,include,primary relevant example,curl,ok,,5357,html,stripped,no,sonnet,1.0,primary,2026-09-20,yes
r2q04-04,2,r2q04,4,https://docs.github.com/articles/reviewing-proposed-changes-in-a-pull-request,docs.github.com,Reviewing proposed changes in a pull request - GitHub Docs,,include,primary official docs,,,,,,,,,,,,no
r2q04-05,2,r2q04,5,https://www.cubic.dev/blog/how-to-review-a-pull-request-on-github,cubic.dev,How to review a pull request on GitHub: a step-by-step guide,,exclude,off-topic generic guide,,,,,,,,,,,,no
r2q04-06,2,r2q04,6,https://github.com/y-imran/y-imran.github.io/pull/15,github.com,corrections by y-imran · Pull Request #15 · y-imran/y-imran.github.io,,include,primary relevant example,,,,,,,,,,,,no
r2q04-07,2,r2q04,7,https://github.com/Zach116/personal-website/pull/9,github.com,Fix various typos in blog posts by Zach116 · Pull Request #9 · Zach116/personal-website,,include,primary relevant example,,,,,,,,,,,,no
r2q04-08,2,r2q04,8,https://github.com/open-sauced/docs/pull/422,github.com,Pull request example,,include,primary relevant example,,,,,,,,,,,,no
r2q05-01,2,r2q05,1,https://github.com/EziAgric/EziAgric/issues/276,github.com,Stale documentation detection linking docs to code anchors · Issue #276 · EziAgric/EziAgric,,exclude,thin GitHub issue specific to one project,,,,,,,,,,,,no
r2q05-02,2,r2q05,2,https://github.com/Promptless/promptless.ai/pull/1102,github.com,"content: When AI Coding Agents Read Stale Docs, They Implement Them by frances720 · Pull Request #1102 · Promptless/promptless.ai",,exclude,thin GitHub PR not substantive,,,,,,,,,,,,no
r2q05-03,2,r2q05,3,https://github.com/petry-projects/.github-private/issues/1962,github.com,Docs Health Check — stale files detected 2026-09-27 · Issue #1962 · petry-projects/.github-private,,exclude,thin GitHub issue specific project,,,,,,,,,,,,no
r2q05-04,2,r2q05,4,https://buildwithfern.com/post/docs-linting-guide,buildwithfern.com,Docs Linting Guide - January 2026,,include,primary vendor engineering blog linting,curl,ok,,12066,html,stripped,no,sonnet,1.0,vendor,2026-01-17,yes
r2q05-05,2,r2q05,5,https://www.docsie.io/blog/glossary/docs-as-code/,docsie.io,"Docs-as-Code: Definition, Examples & Best Practices (2026)",,exclude,seo listicle glossary entry thin,,,,,,,,,,,,no
r2q05-06,2,r2q05,6,https://dualite.dev/blogs/code-documentation-best-practices,dualite.dev,"Code Documentation Best Practices in 2026: AI Tools, JSDoc, and Auto-Generated Docs - Dualite - Build products and websites in minutes",,include,relevant blog post covers documentation best practices,curl,ok,,120110,html,stripped,no,haiku,0.5,blog,2026-06-14,yes
r2q05-07,2,r2q05,7,https://gitdoc.ai/resources/documentation-in-software,gitdoc.ai,Effective Documentation in Software: Fix 'Doc Rot' in 2026 — GitDoc,,include,primary vendor engineering blog doc rot focus,curl,ok,,24933,html,stripped,no,haiku,1.0,vendor,2026-06-24,yes
r2q05-08,2,r2q05,8,https://pith.science/paper/2606.09090,pith.science,Context Rot in AI-Assisted Software Development: Repurposing Documentation Consistency for AI Configuration Artifacts · Pith,,include,primary research paper on context rot documentation,,,,,,,,,,,,no
r3q01-01,3,r3q01,1,https://docs.deepchecks.com/stable/general/guides/drift_guide.html,docs.deepchecks.com,Drift User Guide — Deepchecks Documentation,,exclude,off-topic,,,,,,,,,,,,no
r3q01-02,3,r3q01,2,https://mljar.com/blog/data-drift-detection-python/,mljar.com,Dashboard for Data Drift Detection in Python,,exclude,off-topic,,,,,,,,,,,,no
r3q01-03,3,r3q01,3,https://blog.octo.com/lets-code-drift-and-detect,blog.octo.com,Let's code: Drift and Detect! - OCTO Talks !,,exclude,off-topic,,,,,,,,,,,,no
r3q01-04,3,r3q01,4,https://dev.to/eko/architecture-drift-detection-keep-your-code-aligned-with-design-kae,dev.to,Architecture Drift Detection: Keep Your Code Aligned with Design - DEV Community,,include,relevant primary,curl,ok,,18271,html,stripped,no,haiku,0.75,blog,2024-06-08,yes
r3q01-05,3,r3q01,5,https://oneuptime.com/blog/post/2026-01-30-concept-drift-detection/view,oneuptime.com,How to Implement Concept Drift Detection,,exclude,off-topic,,,,,,,,,,,,no
r3q01-06,3,r3q01,6,https://docs.spacelift.io/concepts/stack/drift-detection,docs.spacelift.io,Drift detection - Spacelift Documentation,,exclude,off-topic,,,,,,,,,,,,no
r3q01-07,3,r3q01,7,https://fiberplane.com/blog/drift-documentation-linter/,fiberplane.com,We built a linter for documentation rot,,include,relevant primary,curl,ok,,7270,html,stripped,no,haiku,1.0,vendor,2026-03-25,yes
r3q01-08,3,r3q01,8,https://oneuptime.com/blog/post/2026-01-30-data-drift-detection/view,oneuptime.com,How to Build Data Drift Detection Details,,exclude,off-topic,,,,,,,,,,,,no
r3q02-01,3,r3q02,1,https://github.com/seanfillmore/blogpostworkflow/pull/939,github.com,PR targets: check article freshness and whether the byline is a person by seanfillmore · Pull Request #939 · seanfillmore/blogpostworkflow,,include,primary source for article freshness workflow,,,,,,,,,,,,no
r3q02-02,3,r3q02,2,https://frontendchecklist.io/rules/seo/freshness,frontendchecklist.io,Show content freshness signals,,exclude,thin page generic checklist,,,,,,,,,,,,no
r3q02-03,3,r3q02,3,https://agenxus.com/blog/geo-content-refresh-strategy-maintaining-citation-rates,agenxus.com,GEO Content Refresh Strategy: Maintaining Citation Rates Over Time,,include,relevant content refresh strategy,,,,,,,,,,,,no
r3q02-04,3,r3q02,4,https://discoveredlabs.com/blog/content-freshness-update-signals-keeping-ai-systems-aware-of-your-latest-information,discoveredlabs.com,Content Freshness & Update Signals: Keeping AI Systems Aware of Your Latest Information,,include,relevant freshness signals for systems,,,,,,,,,,,,no
r3q02-05,3,r3q02,5,https://sageseo.ai/refresh-workflow-seo/,sageseo.ai,The Content Refresh Workflow That Got My Client's Stale Blog Back to Page One,,include,relevant content refresh workflow,,,,,,,,,,,,no
r3q02-06,3,r3q02,6,https://citevera.com/blog/content-freshness-30-day-rule,citevera.com,Content freshness for AI search: the 30-day rule - Citevera,,exclude,seo listicle marketing focused,,,,,,,,,,,,no
r3q02-07,3,r3q02,7,https://www.metabase.com/metrics/documentation-freshness,metabase.com,"Documentation Freshness: Definition, SQL & How to Track It in Metabase",,include,primary source tool for freshness,,,,,,,,,,,,no
r3q02-08,3,r3q02,8,https://dev.to/rulestack/fresh-at-the-label-stale-at-the-post-our-3-day-news-check-was-reading-the-wrong-clock-3fe1,dev.to,"Fresh at the label, stale at the post: our 3-day news check was reading the wrong clock - DEV Community",,include,primary source technical freshness,,,,,,,,,,,,no
r3q03-01,3,r3q03,1,https://github.com/thiepn/wordstrike/pull/129,github.com,Flow post-release UX corrections by thiepn · Pull Request #129 · thiepn/wordstrike,,exclude,off-topic,,,,,,,,,,,,no
r3q03-02,3,r3q03,2,https://haacked.com/archive/2019/06/03/suggested-changes/,haacked.com,Suggesting Changes on GitHub,r2q04-02,,,,,,,,,,,,,,no
r3q03-03,3,r3q03,3,https://github.com/dtubb/fichero/issues/5154,github.com,"UX gap: type a correction in the Reader as a new reading; Return splits a line, Backspace joins · Issue #5154 · dtubb/fichero",,exclude,off-topic,,,,,,,,,,,,no
r3q03-04,3,r3q03,4,https://github.com/PatrickNLT/fact-checked-politics/issues/16,github.com,Community correction workflow via pull requests · Issue #16 · PatrickNLT/fact-checked-politics,,include,relevant,curl,ok,,3010,html,stripped,no,sonnet,1.0,primary,2026-09-05,yes
r3q03-05,3,r3q03,5,https://chbrown13.github.io/papers/suggestions.pdf,chbrown13.github.io,Understanding the Impact of GitHub Suggested Changes ...,,include,primary,curl,ok,,102435,pdf,,no,sonnet,1.0,academic,2020,yes
r3q03-06,3,r3q03,6,https://github.com/marketplace/actions/suggest-changes-action,github.com,Suggest Changes Action - GitHub Marketplace,,include,relevant,curl,ok,,6659,html,stripped,no,haiku,0.7,vendor,,yes
r3q03-07,3,r3q03,7,https://github.blog/changelog/2026-01-22-improved-pull-request-files-changed-page-on-by-default/,github.blog,"Improved pull request ""Files changed"" page on by default - GitHub Changelog",,include,primary,,,,,,,,,,,,no
r3q03-08,3,r3q03,8,https://github.com/M763468/PDFScoreBar/issues/396,github.com,[UX] Redesign the user-facing correction interface around review tasks · Issue #396 · M763468/PDFScoreBar,,exclude,off-topic,,,,,,,,,,,,no
r3q04-01,3,r3q04,1,https://www.eliostruyf.com/migration-story-hugo-astro/,eliostruyf.com,My migration story from Hugo to Astro,,include,primary | technical migration story,curl,ok,,10103,html,stripped,no,haiku,1.0,blog,2025-03-17,yes
r3q04-02,3,r3q04,2,https://www.wpbeginner.com/plugins/how-to-add-old-post-notification-on-your-wordpress-blog/,wpbeginner.com,How to Add Old Post Notification on Your WordPress Blog,r2q03-04,,,,,,,,,,,,,,no
r3q04-03,3,r3q04,3,https://github.com/nownabe/blog.nownabe.com/pull/107,github.com,Migrate from Hugo to Astro by nownabe · Pull Request #107 · nownabe/blog.nownabe.com,,include,primary | code migration example,curl,ok,,8128,html,stripped,no,haiku,0.65,primary,2026-09-19,yes
r3q04-04,3,r3q04,4,https://visualmodo.com/old-post-notice-for-wordpress-how-to-auto-add-outdated-content-notification-to-your-blog/,visualmodo.com,Old Post Notice for WordPress: How To Auto Add Outdated Content Notification To Your Blog?,r2q03-03,,,,,,,,,,,,,,no
r3q04-05,3,r3q04,5,https://eastondev.com/blog/en/posts/dev/20251123-blog-framework-guide/,eastondev.com,"Static Site Generators: Hugo, Astro, Hexo, and Six More",,include,relevant | generator comparison,,,,,,,,,,,,no
r3q04-06,3,r3q04,6,https://www.andrlik.org/dispatches/til-add-outdated-warning-to-posts-in-hugo/,andrlik.org,TIL - Add Warning to Old Posts in Hugo · Ministry of Intrigue,,include,primary | Hugo outdated warning,,,,,,,,,,,,no
r3q04-07,3,r3q04,7,https://brunty.me/post/display-message-on-old-hugo-entries/,brunty.me,Display A Message On Old Hugo Posts,,include,primary | Hugo implementation,,,,,,,,,,,,no
r3q04-08,3,r3q04,8,https://missuo.me/posts/hugo-to-astro/,missuo.me,Goodbye Hugo: I Rebuilt My Blog with Astro Overnight,,include,primary | migration story Astro,,,,,,,,,,,,no
r3q05-01,3,r3q05,1,https://ferndesk.com/blog/gitbook-vs-mintlify,ferndesk.com,GitBook vs Mintlify: The Definitive 2025 Comparison - Ferndesk,,exclude,seo listicle marketing pattern,,,,,,,,,,,,no
r3q05-02,3,r3q05,2,https://www.gitbook.com/blog/best-mintlify-alternatives,gitbook.com,7 best Mintlify alternatives for developer documentation in 2026,,include,primary vendor blog substantive,,,,,,,,,,,,no
r3q05-03,3,r3q05,3,https://www.mintlify.com/library/best-code-documentation-tools,mintlify.com,Best Code Documentation Tools 2026,,include,primary vendor resource analysis,,,,,,,,,,,,no
r3q05-04,3,r3q05,4,https://www.mintlify.com/library/mintlify-alternatives-what-to-consider-and-why-theres-no-true-substitute,mintlify.com,Mintlify Alternatives: What to Consider (and Why There's No True Substitute),,include,primary vendor limitations discussion,,,,,,,,,,,,no
r3q05-05,3,r3q05,5,https://bunnydesk.ai/blog/github-native-documentation-tools/,bunnydesk.ai,6 Best GitHub-Native Documentation Tools in 2026 (Ranked & Reviewed),,exclude,aggregator listicle pattern site,,,,,,,,,,,,no
r3q05-06,3,r3q05,6,https://docsio.co/blog/gitbook-vs-mintlify,docsio.co,GitBook vs Mintlify: Which Docs Platform (2026),,exclude,aggregator comparison thin depth,,,,,,,,,,,,no
r3q05-07,3,r3q05,7,https://techiehub.blog/12-best-ai-code-documentation-tools-2026/,techiehub.blog,12 Best AI Code Documentation Tools 2026 [Complete Guide],,exclude,seo numbered listicle pattern,,,,,,,,,,,,no
r3q05-08,3,r3q05,8,https://documentation.ai/blog/mintlify-vs-gitbook,documentation.ai,Mintlify vs GitBook: Detailed Comparison (2026),,exclude,aggregator comparison generic,,,,,,,,,,,,no
